dimension,value,n_gt,recall_50,recall_75,mean_best_raw_iou,median_best_raw_iou,good_candidate_rate,high_quality_candidate_rate,final_tp_rate,final_miss_rate,mean_best_candidate_score,confidence_survival,nms_survival,class
aspect_bucket,all,2612,0.9153905053598775,0.663093415007657,0.8331967561147753,0.8767627775669098,0.9628637059724349,0.7947932618683001,0.9153905053598775,0.08460949464012246,0.18302945952242572,0.6814701378254211,0.9884249689954526,
aspect_bucket,"[1,2)",821,0.9196102314250914,0.6967113276492083,0.8549567221433614,0.8943414092063904,0.9695493300852619,0.8440925700365408,0.9196102314250914,0.08038976857490865,0.14445588473690207,0.6967113276492083,0.996042216358839,
aspect_bucket,"[2,4)",865,0.930635838150289,0.7063583815028902,0.8539243457462057,0.8956792950630188,0.976878612716763,0.8404624277456647,0.930635838150289,0.06936416184971095,0.20766707584261473,0.7179190751445087,0.9913793103448276,
aspect_bucket,"[4,8)",440,0.8727272727272727,0.5363636363636364,0.7780224450948563,0.8197607696056366,0.9340909090909091,0.6568181818181819,0.8727272727272727,0.12727272727272732,0.1915085476137847,0.6,0.9770992366412213,
aspect_bucket,"[8,16)",324,0.9135802469135802,0.6728395061728395,0.818401737805502,0.8589222729206085,0.9506172839506173,0.7901234567901234,0.9135802469135802,0.0864197530864198,0.21451495733972592,0.6790123456790124,0.9801324503311258,
aspect_bucket,"[16,inf)",162,0.9320987654320988,0.5864197530864198,0.7916904946352229,0.8300317823886871,0.9567901234567902,0.6851851851851852,0.9320987654320988,0.0679012345679012,0.160963204762847,0.6358024691358025,0.9805194805194806,
aspect_bucket,"[1,2)",323,0.9195046439628483,0.7213622291021672,0.8688258525941394,0.9003049731254578,0.9814241486068112,0.8947368421052632,0.9195046439628483,0.08049535603715174,0.08869624093894775,0.6377708978328174,0.9966442953020134,LC
aspect_bucket,"[2,4)",190,0.9105263157894737,0.6842105263157895,0.8644960596373207,0.9118534326553345,0.9789473684210527,0.8473684210526315,0.9105263157894737,0.08947368421052626,0.11724151527626082,0.6263157894736842,0.9885714285714285,LC
aspect_bucket,"[4,8)",57,0.9473684210526315,0.6842105263157895,0.8544302917363351,0.884602963924408,0.9649122807017544,0.9122807017543859,0.9473684210526315,0.052631578947368474,0.12259440489926196,0.6842105263157895,1.0,LC
aspect_bucket,"[8,16)",11,0.9090909090909091,0.7272727272727273,0.840176753022454,0.8921061754226685,0.9090909090909091,0.9090909090909091,0.9090909090909091,0.09090909090909094,0.26010197773575783,0.9090909090909091,1.0,LC
aspect_bucket,"[16,inf)",7,1.0,0.7142857142857143,0.8570399965558734,0.8874214887619019,1.0,0.8571428571428571,1.0,0.0,0.24785089027136564,1.0,1.0,LC
aspect_bucket,"[1,2)",16,0.9375,0.625,0.8350847698748112,0.8588735163211823,1.0,0.75,0.9375,0.0625,0.060889377213698026,0.5,1.0,TC
aspect_bucket,"[2,4)",74,0.8783783783783784,0.7162162162162162,0.8671074392827781,0.9060526192188263,0.972972972972973,0.8648648648648649,0.8783783783783784,0.1216216216216216,0.14542993455157754,0.6351351351351351,0.9558823529411765,TC
aspect_bucket,"[4,8)",92,0.8695652173913043,0.5760869565217391,0.7962886237579844,0.8509983420372009,0.9347826086956522,0.717391304347826,0.8695652173913043,0.13043478260869568,0.10081531173625041,0.4891304347826087,0.9876543209876543,TC
aspect_bucket,"[8,16)",150,0.92,0.66,0.8218713517983754,0.8508992493152618,0.9666666666666667,0.7933333333333333,0.92,0.07999999999999996,0.1851535004703328,0.6466666666666666,0.9787234042553191,TC
aspect_bucket,"[16,inf)",86,0.9651162790697675,0.5930232558139535,0.7927943766117096,0.8238905966281891,0.9883720930232558,0.6627906976744186,0.9651162790697675,0.03488372093023251,0.1449786552756302,0.6511627906976745,0.9764705882352941,TC
aspect_bucket,"[1,2)",102,0.9607843137254902,0.7254901960784313,0.8843642178119397,0.908172070980072,0.9901960784313726,0.9313725490196079,0.9607843137254902,0.039215686274509776,0.059982647593749466,0.7352941176470589,1.0,AC
aspect_bucket,"[2,4)",103,0.9514563106796117,0.7378640776699029,0.8948525595433504,0.9193190932273865,1.0,0.912621359223301,0.9514563106796117,0.04854368932038833,0.1570206801426112,0.8155339805825242,0.98989898989899,AC
aspect_bucket,"[4,8)",15,0.8,0.3333333333333333,0.7977290232976277,0.7873600125312805,1.0,0.7333333333333333,0.8,0.19999999999999996,0.038007816573372114,0.4666666666666667,0.8571428571428571,AC
aspect_bucket,"[8,16)",2,1.0,0.5,0.8514322638511658,0.8514322638511658,1.0,1.0,1.0,0.0,0.0036749489008798264,0.5,1.0,AC
aspect_bucket,"[1,2)",48,0.7708333333333334,0.3958333333333333,0.7287944726025065,0.7961806356906891,0.8541666666666666,0.5833333333333334,0.7708333333333334,0.22916666666666663,0.18445831704805946,0.5208333333333334,1.0,P
aspect_bucket,"[2,4)",61,0.8360655737704918,0.5737704918032787,0.7632403129436931,0.8385072946548462,0.8688524590163934,0.639344262295082,0.8360655737704918,0.16393442622950816,0.13142899322026438,0.5409836065573771,1.0,P
aspect_bucket,"[4,8)",6,0.6666666666666666,0.3333333333333333,0.7564132710297903,0.7581731677055359,1.0,0.5,0.6666666666666666,0.33333333333333337,0.03937101562041789,0.16666666666666666,0.8,P
aspect_bucket,"[1,2)",16,1.0,0.875,0.8849359899759293,0.9014725387096405,1.0,1.0,1.0,0.0,0.2742995226926723,0.875,1.0,MC
aspect_bucket,"[2,4)",234,0.9700854700854701,0.7692307692307693,0.8412765064555355,0.8771072328090668,0.9829059829059829,0.8461538461538461,0.9700854700854701,0.02991452991452992,0.34351188885092887,0.8205128205128205,0.9956140350877193,MC
aspect_bucket,"[4,8)",152,0.8289473684210527,0.3684210526315789,0.7008849974525603,0.7329757511615753,0.881578947368421,0.4473684210526316,0.8289473684210527,0.17105263157894735,0.30255638919186967,0.6381578947368421,0.9767441860465116,MC
aspect_bucket,"[8,16)",1,0.0,0.0,0.16871672868728638,0.16871672868728638,0.0,0.0,0.0,1.0,0.28349053859710693,0.0,,MC
aspect_bucket,"[1,2)",311,0.9228295819935691,0.7041800643086816,0.8503020714812723,0.9048240780830383,0.9646302250803859,0.8006430868167203,0.9228295819935691,0.07717041800643087,0.22033311758496335,0.77491961414791,0.9930795847750865,LP
aspect_bucket,"[2,4)",157,0.9490445859872612,0.6815286624203821,0.8627949018197455,0.9048457741737366,0.9936305732484076,0.8407643312101911,0.9490445859872612,0.05095541401273884,0.20782399261247375,0.7515923566878981,1.0,LP
aspect_bucket,"[4,8)",40,0.975,0.775,0.8633506372570992,0.8950211107730865,1.0,0.85,0.975,0.025000000000000022,0.24508484133220917,0.7,1.0,LP
aspect_bucket,"[8,16)",11,1.0,1.0,0.8922880671241067,0.8916488885879517,1.0,1.0,1.0,0.0,0.34224339216565236,1.0,1.0,LP
aspect_bucket,"[1,2)",5,1.0,0.6,0.8274314403533936,0.8372944593429565,1.0,0.8,1.0,0.0,0.21810886108432898,0.6,1.0,TP
aspect_bucket,"[2,4)",46,0.9130434782608695,0.6521739130434783,0.8517257046440373,0.8948319554328918,0.9782608695652174,0.8478260869565217,0.9130434782608695,0.08695652173913049,0.20421456678597047,0.6086956521739131,1.0,TP
aspect_bucket,"[4,8)",78,0.8846153846153846,0.6410256410256411,0.8050748172860879,0.8864123523235321,0.9615384615384616,0.7051282051282052,0.8846153846153846,0.11538461538461542,0.1461867056191878,0.6025641025641025,0.971830985915493,TP
aspect_bucket,"[8,16)",149,0.9060402684563759,0.6644295302013423,0.8117635302095605,0.8589386940002441,0.9395973154362416,0.7651006711409396,0.9060402684563759,0.09395973154362414,0.2336455141087711,0.6778523489932886,0.9782608695652174,TP
aspect_bucket,"[16,inf)",69,0.8840579710144928,0.5652173913043478,0.7836849821218546,0.8466007113456726,0.9130434782608695,0.6956521739130435,0.8840579710144928,0.1159420289855072,0.1720712838547458,0.5797101449275363,0.9838709677419355,TP
